{
  "dc_gain_db": 0.04320939488377723,
  "magnitude_at_wn": 0.0,
  "phase_at_wn": -90.0,
  "resonance_frequency": 7.0710678118654755,
  "quality_factor_q": 1.0
}